--
-- PostgreSQL database dump
--

-- Dumped from database version 15.0
-- Dumped by pg_dump version 15.0

-- Started on 2022-10-21 21:39:28

SET statement_timeout = 0;
SET lock_timeout = 0;
SET idle_in_transaction_session_timeout = 0;
SET client_encoding = 'UTF8';
SET standard_conforming_strings = on;
SELECT pg_catalog.set_config('search_path', '', false);
SET check_function_bodies = false;
SET xmloption = content;
SET client_min_messages = warning;
SET row_security = off;

SET default_tablespace = '';

SET default_table_access_method = heap;

--
-- TOC entry 218 (class 1259 OID 16420)
-- Name: AspNetRoleClaims; Type: TABLE; Schema: public; Owner: movie_api
--

CREATE TABLE public."AspNetRoleClaims" (
    "Id" integer NOT NULL,
    "RoleId" text NOT NULL,
    "ClaimType" text,
    "ClaimValue" text
);


ALTER TABLE public."AspNetRoleClaims" OWNER TO movie_api;

--
-- TOC entry 217 (class 1259 OID 16419)
-- Name: AspNetRoleClaims_Id_seq; Type: SEQUENCE; Schema: public; Owner: movie_api
--

ALTER TABLE public."AspNetRoleClaims" ALTER COLUMN "Id" ADD GENERATED BY DEFAULT AS IDENTITY (
    SEQUENCE NAME public."AspNetRoleClaims_Id_seq"
    START WITH 1
    INCREMENT BY 1
    NO MINVALUE
    NO MAXVALUE
    CACHE 1
);


--
-- TOC entry 215 (class 1259 OID 16405)
-- Name: AspNetRoles; Type: TABLE; Schema: public; Owner: movie_api
--

CREATE TABLE public."AspNetRoles" (
    "Id" text NOT NULL,
    "Name" character varying(256),
    "NormalizedName" character varying(256),
    "ConcurrencyStamp" text
);


ALTER TABLE public."AspNetRoles" OWNER TO movie_api;

--
-- TOC entry 220 (class 1259 OID 16433)
-- Name: AspNetUserClaims; Type: TABLE; Schema: public; Owner: movie_api
--

CREATE TABLE public."AspNetUserClaims" (
    "Id" integer NOT NULL,
    "UserId" text NOT NULL,
    "ClaimType" text,
    "ClaimValue" text
);


ALTER TABLE public."AspNetUserClaims" OWNER TO movie_api;

--
-- TOC entry 219 (class 1259 OID 16432)
-- Name: AspNetUserClaims_Id_seq; Type: SEQUENCE; Schema: public; Owner: movie_api
--

ALTER TABLE public."AspNetUserClaims" ALTER COLUMN "Id" ADD GENERATED BY DEFAULT AS IDENTITY (
    SEQUENCE NAME public."AspNetUserClaims_Id_seq"
    START WITH 1
    INCREMENT BY 1
    NO MINVALUE
    NO MAXVALUE
    CACHE 1
);


--
-- TOC entry 221 (class 1259 OID 16445)
-- Name: AspNetUserLogins; Type: TABLE; Schema: public; Owner: movie_api
--

CREATE TABLE public."AspNetUserLogins" (
    "LoginProvider" text NOT NULL,
    "ProviderKey" text NOT NULL,
    "ProviderDisplayName" text,
    "UserId" text NOT NULL
);


ALTER TABLE public."AspNetUserLogins" OWNER TO movie_api;

--
-- TOC entry 222 (class 1259 OID 16457)
-- Name: AspNetUserRoles; Type: TABLE; Schema: public; Owner: movie_api
--

CREATE TABLE public."AspNetUserRoles" (
    "UserId" text NOT NULL,
    "RoleId" text NOT NULL
);


ALTER TABLE public."AspNetUserRoles" OWNER TO movie_api;

--
-- TOC entry 223 (class 1259 OID 16474)
-- Name: AspNetUserTokens; Type: TABLE; Schema: public; Owner: movie_api
--

CREATE TABLE public."AspNetUserTokens" (
    "UserId" text NOT NULL,
    "LoginProvider" text NOT NULL,
    "Name" text NOT NULL,
    "Value" text
);


ALTER TABLE public."AspNetUserTokens" OWNER TO movie_api;

--
-- TOC entry 216 (class 1259 OID 16412)
-- Name: AspNetUsers; Type: TABLE; Schema: public; Owner: movie_api
--

CREATE TABLE public."AspNetUsers" (
    "Id" text NOT NULL,
    "UserName" character varying(256),
    "NormalizedUserName" character varying(256),
    "Email" character varying(256),
    "NormalizedEmail" character varying(256),
    "EmailConfirmed" boolean NOT NULL,
    "PasswordHash" text,
    "SecurityStamp" text,
    "ConcurrencyStamp" text,
    "PhoneNumber" text,
    "PhoneNumberConfirmed" boolean NOT NULL,
    "TwoFactorEnabled" boolean NOT NULL,
    "LockoutEnd" timestamp with time zone,
    "LockoutEnabled" boolean NOT NULL,
    "AccessFailedCount" integer NOT NULL
);


ALTER TABLE public."AspNetUsers" OWNER TO movie_api;

--
-- TOC entry 227 (class 1259 OID 16502)
-- Name: Comments; Type: TABLE; Schema: public; Owner: movie_api
--

CREATE TABLE public."Comments" (
    "Id" integer NOT NULL,
    "Name" text NOT NULL,
    "CommentBody" text NOT NULL,
    "DateCreated" text NOT NULL,
    "MovieId" integer NOT NULL
);


ALTER TABLE public."Comments" OWNER TO movie_api;

--
-- TOC entry 226 (class 1259 OID 16501)
-- Name: Comments_Id_seq; Type: SEQUENCE; Schema: public; Owner: movie_api
--

ALTER TABLE public."Comments" ALTER COLUMN "Id" ADD GENERATED BY DEFAULT AS IDENTITY (
    SEQUENCE NAME public."Comments_Id_seq"
    START WITH 1
    INCREMENT BY 1
    NO MINVALUE
    NO MAXVALUE
    CACHE 1
);


--
-- TOC entry 230 (class 1259 OID 16529)
-- Name: GenreMovie; Type: TABLE; Schema: public; Owner: movie_api
--

CREATE TABLE public."GenreMovie" (
    "GenresId" integer NOT NULL,
    "MoviesId" integer NOT NULL
);


ALTER TABLE public."GenreMovie" OWNER TO movie_api;

--
-- TOC entry 229 (class 1259 OID 16515)
-- Name: Genres; Type: TABLE; Schema: public; Owner: movie_api
--

CREATE TABLE public."Genres" (
    "Id" integer NOT NULL,
    "Name" text NOT NULL
);


ALTER TABLE public."Genres" OWNER TO movie_api;

--
-- TOC entry 228 (class 1259 OID 16514)
-- Name: Genres_Id_seq; Type: SEQUENCE; Schema: public; Owner: movie_api
--

ALTER TABLE public."Genres" ALTER COLUMN "Id" ADD GENERATED BY DEFAULT AS IDENTITY (
    SEQUENCE NAME public."Genres_Id_seq"
    START WITH 1
    INCREMENT BY 1
    NO MINVALUE
    NO MAXVALUE
    CACHE 1
);


--
-- TOC entry 225 (class 1259 OID 16494)
-- Name: Movies; Type: TABLE; Schema: public; Owner: movie_api
--

CREATE TABLE public."Movies" (
    "Id" integer NOT NULL,
    "Name" text NOT NULL,
    "Description" text NOT NULL,
    "ReleaseDate" text NOT NULL,
    "Rating" text NOT NULL,
    "TicketPrice" text NOT NULL,
    "Country" text NOT NULL,
    "ImagePath" text NOT NULL
);


ALTER TABLE public."Movies" OWNER TO movie_api;

--
-- TOC entry 224 (class 1259 OID 16493)
-- Name: Movies_Id_seq; Type: SEQUENCE; Schema: public; Owner: movie_api
--

ALTER TABLE public."Movies" ALTER COLUMN "Id" ADD GENERATED BY DEFAULT AS IDENTITY (
    SEQUENCE NAME public."Movies_Id_seq"
    START WITH 1
    INCREMENT BY 1
    NO MINVALUE
    NO MAXVALUE
    CACHE 1
);


--
-- TOC entry 214 (class 1259 OID 16400)
-- Name: __EFMigrationsHistory; Type: TABLE; Schema: public; Owner: movie_api
--

CREATE TABLE public."__EFMigrationsHistory" (
    "MigrationId" character varying(150) NOT NULL,
    "ProductVersion" character varying(32) NOT NULL
);


ALTER TABLE public."__EFMigrationsHistory" OWNER TO movie_api;

--
-- TOC entry 3409 (class 0 OID 16420)
-- Dependencies: 218
-- Data for Name: AspNetRoleClaims; Type: TABLE DATA; Schema: public; Owner: movie_api
--

COPY public."AspNetRoleClaims" ("Id", "RoleId", "ClaimType", "ClaimValue") FROM stdin;
\.


--
-- TOC entry 3406 (class 0 OID 16405)
-- Dependencies: 215
-- Data for Name: AspNetRoles; Type: TABLE DATA; Schema: public; Owner: movie_api
--

COPY public."AspNetRoles" ("Id", "Name", "NormalizedName", "ConcurrencyStamp") FROM stdin;
176e0213-744c-4c46-ad2e-bccbfb95ea11	Admin	ADMIN	db2a5ef7-a807-4346-adbf-7fdd88214139
9847d1df-b171-4294-a312-31a4a002c4d6	User	USER	5de2ed90-59b3-4d41-9bbf-3ee4955d2760
\.


--
-- TOC entry 3411 (class 0 OID 16433)
-- Dependencies: 220
-- Data for Name: AspNetUserClaims; Type: TABLE DATA; Schema: public; Owner: movie_api
--

COPY public."AspNetUserClaims" ("Id", "UserId", "ClaimType", "ClaimValue") FROM stdin;
\.


--
-- TOC entry 3412 (class 0 OID 16445)
-- Dependencies: 221
-- Data for Name: AspNetUserLogins; Type: TABLE DATA; Schema: public; Owner: movie_api
--

COPY public."AspNetUserLogins" ("LoginProvider", "ProviderKey", "ProviderDisplayName", "UserId") FROM stdin;
\.


--
-- TOC entry 3413 (class 0 OID 16457)
-- Dependencies: 222
-- Data for Name: AspNetUserRoles; Type: TABLE DATA; Schema: public; Owner: movie_api
--

COPY public."AspNetUserRoles" ("UserId", "RoleId") FROM stdin;
86b79076-48c3-4699-b32a-049db50ead0c	176e0213-744c-4c46-ad2e-bccbfb95ea11
86b79076-48c3-4699-b32a-049db50ead0c	9847d1df-b171-4294-a312-31a4a002c4d6
\.


--
-- TOC entry 3414 (class 0 OID 16474)
-- Dependencies: 223
-- Data for Name: AspNetUserTokens; Type: TABLE DATA; Schema: public; Owner: movie_api
--

COPY public."AspNetUserTokens" ("UserId", "LoginProvider", "Name", "Value") FROM stdin;
\.


--
-- TOC entry 3407 (class 0 OID 16412)
-- Dependencies: 216
-- Data for Name: AspNetUsers; Type: TABLE DATA; Schema: public; Owner: movie_api
--

COPY public."AspNetUsers" ("Id", "UserName", "NormalizedUserName", "Email", "NormalizedEmail", "EmailConfirmed", "PasswordHash", "SecurityStamp", "ConcurrencyStamp", "PhoneNumber", "PhoneNumberConfirmed", "TwoFactorEnabled", "LockoutEnd", "LockoutEnabled", "AccessFailedCount") FROM stdin;
dff9bf87-d7a4-47fc-956f-ab6119d4d433	string	STRING	user@example.com	USER@EXAMPLE.COM	f	AQAAAAEAACcQAAAAEKNYjKdFhjMkz6s4s+QaecrsuYeOf5qnOugMXz/3o/8l9vfSSmbgiJSdWainlF6h7Q==	PRQGWJJU7776ZFEMMYB4MBRBIS7BLKDI	47b5f137-d0bc-4776-9d54-cb0f553801d1	\N	f	f	\N	t	0
86b79076-48c3-4699-b32a-049db50ead0c	string_admin	STRING_ADMIN	user@example.com	USER@EXAMPLE.COM	f	AQAAAAEAACcQAAAAEPwYQg+OOK95q7cSNtcfROJXFVPBd4u8R10ODA4LfydE+XArAJ5ejld17y59HOElRA==	KWURNSBHDZK22R3QMNSMUVSK7IQXUYYS	21c43c2f-abe6-422b-aecb-61949e86363d	\N	f	f	\N	t	0
\.


--
-- TOC entry 3418 (class 0 OID 16502)
-- Dependencies: 227
-- Data for Name: Comments; Type: TABLE DATA; Schema: public; Owner: movie_api
--

COPY public."Comments" ("Id", "Name", "CommentBody", "DateCreated", "MovieId") FROM stdin;
1	string	string	10/21/2022	1
\.


--
-- TOC entry 3421 (class 0 OID 16529)
-- Dependencies: 230
-- Data for Name: GenreMovie; Type: TABLE DATA; Schema: public; Owner: movie_api
--

COPY public."GenreMovie" ("GenresId", "MoviesId") FROM stdin;
3	1
5	1
9	2
4	2
\.


--
-- TOC entry 3420 (class 0 OID 16515)
-- Dependencies: 229
-- Data for Name: Genres; Type: TABLE DATA; Schema: public; Owner: movie_api
--

COPY public."Genres" ("Id", "Name") FROM stdin;
2	Action
1	Adventure
3	Comedy
4	Drama
5	Fantasy\n
6	Horror
7	Musicals
8	Romance
9	Science
10	Sports
\.


--
-- TOC entry 3416 (class 0 OID 16494)
-- Dependencies: 225
-- Data for Name: Movies; Type: TABLE DATA; Schema: public; Owner: movie_api
--

COPY public."Movies" ("Id", "Name", "Description", "ReleaseDate", "Rating", "TicketPrice", "Country", "ImagePath") FROM stdin;
1	Oluwaseun Akinwale	return new MovieResponse { Success = false, Error = "Issue while saving the post", ErrorCode = "CP01" };	03/22/1991	3	30	India	C:\\Users\\akinw\\source\\repos\\MovieAPI\\MovieAPI\\movie\\images\\Oluwaseun Akinwale\\image_from_ios_7ec0.jpg
2	Oluwaseun Akinwale	https://stackoverflow.com/questions/19019718/checking-date-format-from-a-string-in-c-sharp	03/11/2002	4	50	India	C:\\Users\\akinw\\source\\repos\\MovieAPI\\MovieAPI\\wwwroot\\movie\\images\\Oluwaseun Akinwale\\vlcsnap-2022-08-14-18h11m55s052_02f2.png
\.


--
-- TOC entry 3405 (class 0 OID 16400)
-- Dependencies: 214
-- Data for Name: __EFMigrationsHistory; Type: TABLE DATA; Schema: public; Owner: movie_api
--

COPY public."__EFMigrationsHistory" ("MigrationId", "ProductVersion") FROM stdin;
20221018215948_initial	6.0.10
20221020022334_models	6.0.10
20221020041124_models_modification	6.0.10
\.


--
-- TOC entry 3427 (class 0 OID 0)
-- Dependencies: 217
-- Name: AspNetRoleClaims_Id_seq; Type: SEQUENCE SET; Schema: public; Owner: movie_api
--

SELECT pg_catalog.setval('public."AspNetRoleClaims_Id_seq"', 1, false);


--
-- TOC entry 3428 (class 0 OID 0)
-- Dependencies: 219
-- Name: AspNetUserClaims_Id_seq; Type: SEQUENCE SET; Schema: public; Owner: movie_api
--

SELECT pg_catalog.setval('public."AspNetUserClaims_Id_seq"', 1, false);


--
-- TOC entry 3429 (class 0 OID 0)
-- Dependencies: 226
-- Name: Comments_Id_seq; Type: SEQUENCE SET; Schema: public; Owner: movie_api
--

SELECT pg_catalog.setval('public."Comments_Id_seq"', 1, true);


--
-- TOC entry 3430 (class 0 OID 0)
-- Dependencies: 228
-- Name: Genres_Id_seq; Type: SEQUENCE SET; Schema: public; Owner: movie_api
--

SELECT pg_catalog.setval('public."Genres_Id_seq"', 2, true);


--
-- TOC entry 3431 (class 0 OID 0)
-- Dependencies: 224
-- Name: Movies_Id_seq; Type: SEQUENCE SET; Schema: public; Owner: movie_api
--

SELECT pg_catalog.setval('public."Movies_Id_seq"', 2, true);


--
-- TOC entry 3232 (class 2606 OID 16426)
-- Name: AspNetRoleClaims PK_AspNetRoleClaims; Type: CONSTRAINT; Schema: public; Owner: movie_api
--

ALTER TABLE ONLY public."AspNetRoleClaims"
    ADD CONSTRAINT "PK_AspNetRoleClaims" PRIMARY KEY ("Id");


--
-- TOC entry 3224 (class 2606 OID 16411)
-- Name: AspNetRoles PK_AspNetRoles; Type: CONSTRAINT; Schema: public; Owner: movie_api
--

ALTER TABLE ONLY public."AspNetRoles"
    ADD CONSTRAINT "PK_AspNetRoles" PRIMARY KEY ("Id");


--
-- TOC entry 3235 (class 2606 OID 16439)
-- Name: AspNetUserClaims PK_AspNetUserClaims; Type: CONSTRAINT; Schema: public; Owner: movie_api
--

ALTER TABLE ONLY public."AspNetUserClaims"
    ADD CONSTRAINT "PK_AspNetUserClaims" PRIMARY KEY ("Id");


--
-- TOC entry 3238 (class 2606 OID 16451)
-- Name: AspNetUserLogins PK_AspNetUserLogins; Type: CONSTRAINT; Schema: public; Owner: movie_api
--

ALTER TABLE ONLY public."AspNetUserLogins"
    ADD CONSTRAINT "PK_AspNetUserLogins" PRIMARY KEY ("LoginProvider", "ProviderKey");


--
-- TOC entry 3241 (class 2606 OID 16463)
-- Name: AspNetUserRoles PK_AspNetUserRoles; Type: CONSTRAINT; Schema: public; Owner: movie_api
--

ALTER TABLE ONLY public."AspNetUserRoles"
    ADD CONSTRAINT "PK_AspNetUserRoles" PRIMARY KEY ("UserId", "RoleId");


--
-- TOC entry 3243 (class 2606 OID 16480)
-- Name: AspNetUserTokens PK_AspNetUserTokens; Type: CONSTRAINT; Schema: public; Owner: movie_api
--

ALTER TABLE ONLY public."AspNetUserTokens"
    ADD CONSTRAINT "PK_AspNetUserTokens" PRIMARY KEY ("UserId", "LoginProvider", "Name");


--
-- TOC entry 3228 (class 2606 OID 16418)
-- Name: AspNetUsers PK_AspNetUsers; Type: CONSTRAINT; Schema: public; Owner: movie_api
--

ALTER TABLE ONLY public."AspNetUsers"
    ADD CONSTRAINT "PK_AspNetUsers" PRIMARY KEY ("Id");


--
-- TOC entry 3248 (class 2606 OID 16508)
-- Name: Comments PK_Comments; Type: CONSTRAINT; Schema: public; Owner: movie_api
--

ALTER TABLE ONLY public."Comments"
    ADD CONSTRAINT "PK_Comments" PRIMARY KEY ("Id");


--
-- TOC entry 3253 (class 2606 OID 16533)
-- Name: GenreMovie PK_GenreMovie; Type: CONSTRAINT; Schema: public; Owner: movie_api
--

ALTER TABLE ONLY public."GenreMovie"
    ADD CONSTRAINT "PK_GenreMovie" PRIMARY KEY ("GenresId", "MoviesId");


--
-- TOC entry 3250 (class 2606 OID 16521)
-- Name: Genres PK_Genres; Type: CONSTRAINT; Schema: public; Owner: movie_api
--

ALTER TABLE ONLY public."Genres"
    ADD CONSTRAINT "PK_Genres" PRIMARY KEY ("Id");


--
-- TOC entry 3245 (class 2606 OID 16500)
-- Name: Movies PK_Movies; Type: CONSTRAINT; Schema: public; Owner: movie_api
--

ALTER TABLE ONLY public."Movies"
    ADD CONSTRAINT "PK_Movies" PRIMARY KEY ("Id");


--
-- TOC entry 3222 (class 2606 OID 16404)
-- Name: __EFMigrationsHistory PK___EFMigrationsHistory; Type: CONSTRAINT; Schema: public; Owner: movie_api
--

ALTER TABLE ONLY public."__EFMigrationsHistory"
    ADD CONSTRAINT "PK___EFMigrationsHistory" PRIMARY KEY ("MigrationId");


--
-- TOC entry 3226 (class 1259 OID 16491)
-- Name: EmailIndex; Type: INDEX; Schema: public; Owner: movie_api
--

CREATE INDEX "EmailIndex" ON public."AspNetUsers" USING btree ("NormalizedEmail");


--
-- TOC entry 3230 (class 1259 OID 16486)
-- Name: IX_AspNetRoleClaims_RoleId; Type: INDEX; Schema: public; Owner: movie_api
--

CREATE INDEX "IX_AspNetRoleClaims_RoleId" ON public."AspNetRoleClaims" USING btree ("RoleId");


--
-- TOC entry 3233 (class 1259 OID 16488)
-- Name: IX_AspNetUserClaims_UserId; Type: INDEX; Schema: public; Owner: movie_api
--

CREATE INDEX "IX_AspNetUserClaims_UserId" ON public."AspNetUserClaims" USING btree ("UserId");


--
-- TOC entry 3236 (class 1259 OID 16489)
-- Name: IX_AspNetUserLogins_UserId; Type: INDEX; Schema: public; Owner: movie_api
--

CREATE INDEX "IX_AspNetUserLogins_UserId" ON public."AspNetUserLogins" USING btree ("UserId");


--
-- TOC entry 3239 (class 1259 OID 16490)
-- Name: IX_AspNetUserRoles_RoleId; Type: INDEX; Schema: public; Owner: movie_api
--

CREATE INDEX "IX_AspNetUserRoles_RoleId" ON public."AspNetUserRoles" USING btree ("RoleId");


--
-- TOC entry 3246 (class 1259 OID 16527)
-- Name: IX_Comments_MovieId; Type: INDEX; Schema: public; Owner: movie_api
--

CREATE INDEX "IX_Comments_MovieId" ON public."Comments" USING btree ("MovieId");


--
-- TOC entry 3251 (class 1259 OID 16544)
-- Name: IX_GenreMovie_MoviesId; Type: INDEX; Schema: public; Owner: movie_api
--

CREATE INDEX "IX_GenreMovie_MoviesId" ON public."GenreMovie" USING btree ("MoviesId");


--
-- TOC entry 3225 (class 1259 OID 16487)
-- Name: RoleNameIndex; Type: INDEX; Schema: public; Owner: movie_api
--

CREATE UNIQUE INDEX "RoleNameIndex" ON public."AspNetRoles" USING btree ("NormalizedName");


--
-- TOC entry 3229 (class 1259 OID 16492)
-- Name: UserNameIndex; Type: INDEX; Schema: public; Owner: movie_api
--

CREATE UNIQUE INDEX "UserNameIndex" ON public."AspNetUsers" USING btree ("NormalizedUserName");


--
-- TOC entry 3254 (class 2606 OID 16427)
-- Name: AspNetRoleClaims FK_AspNetRoleClaims_AspNetRoles_RoleId; Type: FK CONSTRAINT; Schema: public; Owner: movie_api
--

ALTER TABLE ONLY public."AspNetRoleClaims"
    ADD CONSTRAINT "FK_AspNetRoleClaims_AspNetRoles_RoleId" FOREIGN KEY ("RoleId") REFERENCES public."AspNetRoles"("Id") ON DELETE CASCADE;


--
-- TOC entry 3255 (class 2606 OID 16440)
-- Name: AspNetUserClaims FK_AspNetUserClaims_AspNetUsers_UserId; Type: FK CONSTRAINT; Schema: public; Owner: movie_api
--

ALTER TABLE ONLY public."AspNetUserClaims"
    ADD CONSTRAINT "FK_AspNetUserClaims_AspNetUsers_UserId" FOREIGN KEY ("UserId") REFERENCES public."AspNetUsers"("Id") ON DELETE CASCADE;


--
-- TOC entry 3256 (class 2606 OID 16452)
-- Name: AspNetUserLogins FK_AspNetUserLogins_AspNetUsers_UserId; Type: FK CONSTRAINT; Schema: public; Owner: movie_api
--

ALTER TABLE ONLY public."AspNetUserLogins"
    ADD CONSTRAINT "FK_AspNetUserLogins_AspNetUsers_UserId" FOREIGN KEY ("UserId") REFERENCES public."AspNetUsers"("Id") ON DELETE CASCADE;


--
-- TOC entry 3257 (class 2606 OID 16464)
-- Name: AspNetUserRoles FK_AspNetUserRoles_AspNetRoles_RoleId; Type: FK CONSTRAINT; Schema: public; Owner: movie_api
--

ALTER TABLE ONLY public."AspNetUserRoles"
    ADD CONSTRAINT "FK_AspNetUserRoles_AspNetRoles_RoleId" FOREIGN KEY ("RoleId") REFERENCES public."AspNetRoles"("Id") ON DELETE CASCADE;


--
-- TOC entry 3258 (class 2606 OID 16469)
-- Name: AspNetUserRoles FK_AspNetUserRoles_AspNetUsers_UserId; Type: FK CONSTRAINT; Schema: public; Owner: movie_api
--

ALTER TABLE ONLY public."AspNetUserRoles"
    ADD CONSTRAINT "FK_AspNetUserRoles_AspNetUsers_UserId" FOREIGN KEY ("UserId") REFERENCES public."AspNetUsers"("Id") ON DELETE CASCADE;


--
-- TOC entry 3259 (class 2606 OID 16481)
-- Name: AspNetUserTokens FK_AspNetUserTokens_AspNetUsers_UserId; Type: FK CONSTRAINT; Schema: public; Owner: movie_api
--

ALTER TABLE ONLY public."AspNetUserTokens"
    ADD CONSTRAINT "FK_AspNetUserTokens_AspNetUsers_UserId" FOREIGN KEY ("UserId") REFERENCES public."AspNetUsers"("Id") ON DELETE CASCADE;


--
-- TOC entry 3260 (class 2606 OID 16509)
-- Name: Comments FK_Comments_Movies_MovieId; Type: FK CONSTRAINT; Schema: public; Owner: movie_api
--

ALTER TABLE ONLY public."Comments"
    ADD CONSTRAINT "FK_Comments_Movies_MovieId" FOREIGN KEY ("MovieId") REFERENCES public."Movies"("Id") ON DELETE CASCADE;


--
-- TOC entry 3261 (class 2606 OID 16534)
-- Name: GenreMovie FK_GenreMovie_Genres_GenresId; Type: FK CONSTRAINT; Schema: public; Owner: movie_api
--

ALTER TABLE ONLY public."GenreMovie"
    ADD CONSTRAINT "FK_GenreMovie_Genres_GenresId" FOREIGN KEY ("GenresId") REFERENCES public."Genres"("Id") ON DELETE CASCADE;


--
-- TOC entry 3262 (class 2606 OID 16539)
-- Name: GenreMovie FK_GenreMovie_Movies_MoviesId; Type: FK CONSTRAINT; Schema: public; Owner: movie_api
--

ALTER TABLE ONLY public."GenreMovie"
    ADD CONSTRAINT "FK_GenreMovie_Movies_MoviesId" FOREIGN KEY ("MoviesId") REFERENCES public."Movies"("Id") ON DELETE CASCADE;


-- Completed on 2022-10-21 21:39:28

--
-- PostgreSQL database dump complete
--

